<?xml version="1.0" encoding="utf-8" ?>
<Patch>
	<Operation Class="PatchOperationFindMod">
	<mods>
		<li>Combat Extended</li>
	</mods>
		
		<match Class="PatchOperationSequence">
			<operations>
				<li Class="PatchOperationReplace">
					<xpath>*/HediffDef[defName="MFangs"]/comps/li[@Class="HediffCompProperties_VerbGiver"]/tools</xpath>
					<value>
						<tools>
							<li Class="CombatExtended.ToolCE">
								<label>bite</label>
								<capacities>
									<li>ToxicBite</li>
								</capacities>
								<power>12</power>
								<cooldownTime>2</cooldownTime>
								<surpriseAttack>
									<extraMeleeDamages>
										<li>
											<def>Stun</def>
											<amount>26</amount>
										</li>
									</extraMeleeDamages>
								</surpriseAttack>
								<armorPenetrationSharp>2.98</armorPenetrationSharp>
							</li>
						</tools>
					</value>
				</li>
				
				<li Class="PatchOperationReplace">
					<xpath>*/HediffDef[defName="MArm"]/comps/li[@Class="HediffCompProperties_VerbGiver"]/tools</xpath>
					<value>
						<tools>
							<li Class="CombatExtended.ToolCE">
								<label>fist</label>
								<capacities>
									<li>Blunt</li>
								</capacities>
								<power>12</power>
								<cooldownTime>1.8</cooldownTime>
								<surpriseAttack>
									<extraMeleeDamages>
										<li>
											<def>Stun</def>
											<amount>30</amount>
										</li>
									</extraMeleeDamages>
								</surpriseAttack>
								<armorPenetrationBlunt>8.3</armorPenetrationBlunt>
							</li>
						</tools>
					</value>
				</li>
		
				<li Class="PatchOperationReplace">
					<xpath>*/HediffDef[defName="MClaw"]/comps/li[@Class="HediffCompProperties_VerbGiver"]/tools</xpath>
					<value>
						<tools>
							<li Class="CombatExtended.ToolCE">
								<label>fist</label>
								<capacities>
									<li>Blunt</li>
								</capacities>
								<power>14</power>
								<cooldownTime>1.45</cooldownTime>
								<surpriseAttack>
									<extraMeleeDamages>
										<li>
											<def>Stun</def>
											<amount>22</amount>
										</li>
									</extraMeleeDamages>
								</surpriseAttack>
								<armorPenetrationSharp>4.55</armorPenetrationSharp>
							</li>
						</tools>
					</value>
				</li>
			</operations>
		</match>
	</Operation>
</Patch>













